Abbotsford,1
Aberdare,2
Aberdeen,3
Aberfoyle Park,4
Aberglasslyn,5
Abermain,6
Acacia Hills,7
Acacia Ridge,8
Acheron,9
Acton,10
Acton Park,11
Adamstown,12
Adamstown Heights,13
Adelaide,14
Adelaide Bc,15
Adelaide River,16
Adelong,17
Agnes Banks,18
Agnes Water,19
Ainslie,20
Aireys Inlet,21
Airlie Beach,22
Airport West,23
Aitkenvale,24
Alawa,25
Albany,26
Albany Creek,27
Albert Park,28
Alberton,29
Albion,30
Albion Park,31
Albion Park Rail,32
Albury,33
Aldavilla,34
Alderley,35
Aldinga Beach,36
Alexandra,37
Alexandra Headland,38
Alexandra Hills,39
Alexandria,40
Alfred Cove,41
Alfredton,42
Algester,43
Alice River,44
Alice Springs,45
Allambie Heights,46
Allandale,47
Allansford,48
Allenby Gardens,49
Allendale East,50
Allenstown,51
Alphington,52
Alstonvale,53
Alstonville,54
Alton Downs,55
Altona,56
Altona Meadows,57
Altona North,58
Alyangula,59
Amamoor,60
Amaroo,61
Ambarvale,62
American River,63
Andergrove,64
Andrews Farm,65
Angaston,66
Angle Vale,67
Anglesea,68
Anna Bay,69
Annandale,70
Annangrove,71
Annerley,72
Anula,73
Apollo Bay,74
Appin,75
Applecross,76
Araluen,77
Arana Hills,78
Ararat,79
Arcadia,80
Archerfield,81
Ardeer,82
Arding,83
Ardross,84
Ardrossan,85
Ariah Park,86
Armadale,87
Armagh,88
Armidale,89
Armstrong Creek,90
Arncliffe,91
Arndell Park,92
Aroona,93
Arrawarra,94
Arrawarra Headland,95
Artarmon,96
Arundel,97
Arundel Dc,98
Ascot,99
Ascot Park,100
Ascot Vale,101
Ashbourne,102
Ashburton,103
Ashby,104
Ashcroft,105
Ashfield,106
Ashford,107
Ashgrove,108
Ashmore,109
Ashton,110
Ashtonfield,111
Aspendale,112
Aspendale Gardens,113
Aspley,114
Asquith,115
Athelstone,116
Atherton,117
Athol Park,118
Attadale,119
Atwell,120
Aubin Grove,121
Auburn,122
Augathella,123
Augustine Heights,124
Auldana,125
Aurukun,126
Austinmer,127
Austins Ferry,128
Austral,129
Australia Fair,130
Australind,131
Avalon,132
Avalon Beach,133
Aveley,134
Avenel,135
Avenell Heights,136
Avoca,137
Avoca Beach,138
Avondale Heights,139
Avonsleigh,140
Ayr,141
Babinda,142
Bacchus Marsh,143
Badger Creek,144
Badu Island,145
Baerami,146
Bagdad,147
Bahrs Scrub,148
Bairnsdale,149
Bakers Creek,150
Bakery Hill,151
Bakewell,152
Balaclava,153
Balcatta,154
Bald Hills,155
Baldivis,156
Balga,157
Balgowlah,158
Balgowlah Heights,159
Balgownie,160
Ballajura,161
Ballan,162
Ballandean,163
Ballarat,164
Ballarat Central,165
Ballarat East,166
Ballarat North,167
Balliang,168
Ballina,169
Balmain,170
Balmain East,171
Balmoral,172
Balnarring,173
Balwyn,174
Balwyn North,175
Bamaga,176
Bamawm,177
Bambra,178
Bangalee,179
Bangalow,180
Bangholme,181
Bangor,182
Banjup,183
Banks,184
Banksia,185
Banksia Beach,186
Banksia Grove,187
Banksia Park,188
Banksmeadow,189
Bankstown,190
Bannockburn,191
Banora Point,192
Banyo,193
Bar Beach,194
Baradine,195
Baranduda,196
Barangaroo,197
Barden Ridge,198
Bardon,199
Bardwell Park,200
Bargara,201
Bargo,202
Barham,203
Baringa,204
Barmah,205
Barmaryee,206
Barmera,207
Barongarook,208
Barooga,209
Barraba,210
Barrabool,211
Barrack Heights,212
Barton,213
Barwon Heads,214
Basin View,215
Bass Hill,216
Bassendean,217
Bateau Bay,218
Batehaven,219
Batemans Bay,220
Batesford,221
Bathumi,222
Bathurst,223
Batlow,224
Battery Point,225
Baulkham Hills,226
Baynton,227
Bayswater,228
Bayswater North,229
Bayview,230
Bayview Heights,231
Beachlands,232
Beacon Hill,233
Beaconsfield,234
Beaconsfield Upper,235
Beaudesert,236
Beaumaris,237
Beaumont,238
Beaumont Hills,239
Beauty Point,240
Beckenham,241
Bedford,242
Bedford Park,243
Beecher,244
Beechmont,245
Beechwood,246
Beechworth,247
Beecroft,248
Beelbangera,249
Beeliar,250
Beenleigh,251
Beerwah,252
Bega,253
Belair,254
Belconnen,255
Beldon,256
Belfield,257
Belford,258
Belgian Gardens,259
Belgrave,260
Belgrave Heights,261
Bella Vista,262
Bellamack,263
Bellambi,264
Bellbird,265
Bellbird Heights,266
Bellbird Park,267
Bellerive,268
Bellevue,269
Bellevue Heights,270
Bellevue Hill,271
Belli Park,272
Bellingen,273
Bellmere,274
Bells Bridge,275
Bells Creek,276
Belmont,277
Belmont North,278
Belmore,279
Belrose,280
Benalla,281
Benaraby,282
Benarkin North,283
Bendigo,284
Bennetts Green,285
Benowa,286
Bensville,287
Bentleigh,288
Bentleigh East,289
Bentley,290
Bentley Park,291
Beresfield,292
Beresford,293
Berkeley,294
Berkeley Vale,295
Bermagui,296
Berowra,297
Berowra Heights,298
Berrara,299
Berri,300
Berridale,301
Berriedale,302
Berrigan,303
Berrimah,304
Berry,305
Berserker,306
Bertram,307
Berwick,308
Bethanga,309
Bethania,310
Beulah Park,311
Beveridge,312
Beverley,313
Bexley,314
Bexley North,315
Bibra Lake,316
Biddeston,317
Biggera Waters,318
Bilambil Heights,319
Bilgola Plateau,320
Bilinga,321
Biloela,322
Bilpin,323
Bingara,324
Birchgrove,325
Birchip,326
Birdwood,327
Birkdale,328
Birmingham Gardens,329
Birtinya,330
Bittern,331
Black Head,332
Black Hill,333
Black Hills,334
Black Mountain,335
Black Range,336
Black Rock,337
Blackalls Park,338
Blackburn,339
Blackburn North,340
Blackburn South,341
Blackbutt,342
Blackett,343
Blackheath,344
Blackmans Bay,345
Blackmans Point,346
Blacks Beach,347
Blacksmiths,348
Blackstone Heights,349
Blacktown,350
Blackwall,351
Blackwater,352
Blackwood,353
Blair Athol,354
Blakehurst,355
Blakeview,356
Blakiston,357
Blampied,358
Blaxland,359
Blayney,360
Bli Bli,361
Bligh Park,362
Blind Bight,363
Bloomsbury,364
Blue Bay,365
Bluff Point,366
Blumont,367
Boambee,368
Boambee East,369
Boat Harbour,370
Bodalla,371
Bogangar,372
Bogie,373
Bohle,374
Bohle Plains,375
Bolton Point,376
Bolwarra,377
Bolwarra Heights,378
Bomaderry,379
Bombala,380
Bonalbo,381
Bonbeach,382
Bondi,383
Bondi Beach,384
Bondi Junction,385
Bondoola,386
Bonegilla,387
Boneo,388
Bongaree,389
Bonnells Bay,390
Bonner,391
Bonny Hills,392
Bonogin,393
Bonython,394
Booker Bay,395
Boomerang Beach,396
Boonah,397
Boondall,398
Booragoon,399
Boorooma,400
Boorowa,401
Booval,402
Bordertown,403
Borenore,404
Boronia,405
Boronia Heights,406
Bossley Park,407
Botanic Ridge,408
Botany,409
Boulder,410
Bourkelands,411
Bow Bowing,412
Bowen,413
Bowen Hills,414
Bowen Mountain,415
Bowenfels,416
Bowral,417
Bowraville,418
Box Hill,419
Box Hill North,420
Box Hill South,421
Boxers Creek,422
Boyland,423
Boyne Island,424
Brabham,425
Bracken Ridge,426
Bradbury,427
Braddon,428
Braeside,429
Braidwood,430
Braitling,431
Branxton,432
Branyan,433
Brassall,434
Bray Park,435
Braybrook,436
Breadalbane,437
Breakfast Point,438
Breakwater,439
Bredbo,440
Brendale,441
Brendale Dc,442
Brentwood,443
Bridge Creek,444
Bridgeman Downs,445
Bridgewater,446
Bridgman,447
Brigadoon,448
Bright,449
Brighton,450
Brighton East,451
Brighton-le-sands,452
Brinkin,453
Brinsmead,454
Brisbane,455
Brisbane Airport,456
Brisbane City,457
Brisbane Gpo,458
Broadbeach,459
Broadbeach Waters,460
Broadford,461
Broadmeadow,462
Broadmeadows,463
Broadview,464
Broadway Nedlands,465
Broke,466
Broken Hill,467
Brompton,468
Bronte,469
Brookfield,470
Brooklyn,471
Brooklyn Park,472
Brookvale,473
Brookwater,474
Broome,475
Broughton,476
Broulee,477
Brown Hill,478
Browns Plains,479
Bruce,480
Brunswick,481
Brunswick East,482
Brunswick Heads,483
Brunswick West,484
Bucasia,485
Bucca,486
Buddina,487
Buderim,488
Budgeree,489
Buff Point,490
Bulga,491
Bulgarra,492
Bulimba,493
Bull Creek,494
Bulla,495
Bullaburra,496
Bulleen,497
Bullengarook,498
Bulli,499
Bullsbrook,500
Buln Buln,501
Bunbury,502
Bundaberg,503
Bundaberg Central,504
Bundaberg East,505
Bundaberg North,506
Bundaberg South,507
Bundaberg West,508
Bundall,509
Bundalong,510
Bundamba,511
Bundarra,512
Bundeena,513
Bundoora,514
Bungadoo,515
Bungalow,516
Bungarribee,517
Bungendore,518
Buninyong,519
Bunya,520
Bunyip,521
Burdell,522
Burekup,523
Burketown,524
Burleigh Dc,525
Burleigh Heads,526
Burleigh Waters,527
Burnbank,528
Burnett Heads,529
Burnie,530
Burnley,531
Burns Beach,532
Burnside,533
Burnside Heights,534
Buronga,535
Burpengary Dc,536
Burpengary East,537
Burra,538
Burradoo,539
Burrill Lake,540
Burswood,541
Burwood,542
Burwood East,543
Busby,544
Busselton,545
Butler,546
Buxton,547
Byfield,548
Byford,549
Byron Bay,550
Cabarita,551
Cabarita Beach,552
Cabarlah,553
Cable Beach,554
Caboolture,555
Cabramatta,556
Cabramatta West,557
Caddens,558
Cairnlea,559
Cairns,560
Cairns City,561
Cairns North,562
Calala,563
Calamvale,564
Calderwood,565
Calista,566
Callala Bay,567
Callala Beach,568
Callington,569
Calliope,570
Caloote,571
Caloundra,572
Caloundra West,573
Calwell,574
Camberwell,575
Cambewarra Village,576
Cambrian Hill,577
Cambridge,578
Cambridge Gardens,579
Cambridge Park,580
Camden,581
Camden Park,582
Camden South,583
Camellia,584
Cameron Park,585
Camillo,586
Camira,587
Cammeray,588
Camp Hill,589
Campania,590
Campbell,591
Campbell Town,592
Campbellfield,593
Campbells Creek,594
Campbells Forest,595
Campbelltown,596
Camperdown,597
Campsie,598
Campwin Beach,599
Canadian,600
Canberra,601
Canberra Airport,602
Canley Heights,603
Canley Vale,604
Canning Vale,605
Canning Vale Dc,606
Cannington,607
Cannon Hill,608
Cannonvale,609
Canowindra,610
Canterbury,611
Canungra,612
Capalaba,613
Cape Woolamai,614
Capel Sound,615
Captain Creek,616
Caravonica,617
Cardiff,618
Cardiff Heights,619
Cardigan,620
Cardinia,621
Carey Park,622
Carina,623
Carina Heights,624
Carindale,625
Carine,626
Caringbah,627
Caringbah South,628
Carisbrook,629
Carlingford,630
Carlisle,631
Carlisle South,632
Carlton,633
Carlton North,634
Carmel,635
Carnarvon,636
Carnegie,637
Carole Park,638
Caroline Springs,639
Carrajung South,640
Carramar,641
Carrara,642
Carrington,643
Carrum,644
Carrum Downs,645
Carseldine,646
Carwoola,647
Casey,648
Cashmere,649
Casino,650
Castaways Beach,651
Castle Cove,652
Castle Hill,653
Castlecrag,654
Castlemaine,655
Casuarina,656
Casula,657
Catalina,658
Cattai,659
Caulfield,660
Caulfield East,661
Caulfield North,662
Caulfield South,663
Cavan,664
Caves Beach,665
Cawdor,666
Cecil Hills,667
Cecil Park,668
Ceduna,669
Centenary Heights,670
Centennial Park,671
Central Macdonald,672
Central Tilba,673
Cessnock,674
Chadstone,675
Chadstone Centre,676
Chain Valley Bay,677
Chambers Flat,678
Chandlers Hill,679
Chapel Hill,680
Chapman,681
Charlemont,682
Charleston,683
Charlestown,684
Charleville,685
Charlton,686
Charlwood,687
Charmhaven,688
Charnwood,689
Charters Towers,690
Chatham,691
Chatswood,692
Chelsea,693
Cheltenham,694
Cheltenham East,695
Chermside,696
Cherrybrook,697
Chester Hill,698
Chevallum,699
Chevron Island,700
Chewton,701
Chifley,702
Chigwell,703
Childers,704
Chinchilla,705
Chintin,706
Chippendale,707
Chipping Norton,708
Chirnside Park,709
Chisholm,710
Chiswick,711
Chiton,712
Christie Downs,713
Christies Beach,714
Churchill,715
Ciccone,716
City,717
City Beach,718
Clagiraba,719
Clare,720
Claremont,721
Claremont Meadows,722
Clarence,723
Clarence Gardens,724
Clarence Town,725
Clarendon,726
Clarenza,727
Clarinda,728
Clarkson,729
Clayfield,730
Clayton,731
Clayton South,732
Clear Island Waters,733
Clearview,734
Clematis,735
Clemton Park,736
Clermont,737
Cleve,738
Cleveland,739
Clifton Beach,740
Clifton Grove,741
Clifton Hill,742
Clinton,743
Cloncurry,744
Clontarf,745
Clovelly,746
Clovelly Park,747
Cloverdale,748
Cloverlea,749
Clunes,750
Clyde,751
Clyde North,752
Coal Point,753
Coalfalls,754
Cobar,755
Cobargo,756
Cobbitty,757
Cobden,758
Cobram,759
Coburg,760
Coburg North,761
Cockatoo,762
Cockburn Central,763
Coconut Grove,764
Coes Creek,765
Coffin Bay,766
Coffs Harbour,767
Colac,768
Coldstream,769
Coleambally,770
Colebee,771
Collaroy,772
Collaroy Plateau,773
College Park,774
Collingullie,775
Collingwood,776
Collingwood Park,777
Collinsvale,778
Colo,779
Colo Vale,780
Colonel Light Gardens,781
Colyton,782
Como,783
Concord,784
Concord West,785
Condamine,786
Condell Park,787
Conder,788
Condobolin,789
Condon,790
Coningham,791
Coniston,792
Connells Point,793
Conway Beach,794
Coogee,795
Cooks Hill,796
Coolah,797
Coolalinga,798
Coolamon,799
Coolangatta,800
Coolaroo,801
Coolbellup,802
Coolbinia,803
Cooloola Cove,804
Coolum Beach,805
Cooma,806
Coomba Bay,807
Coombs,808
Coomera,809
Coonabarabran,810
Coonamble,811
Coopers Plains,812
Coopers Shoot,813
Cooranbong,814
Cooroibah,815
Cooroy,816
Coorparoo,817
Coorparoo Dc,818
Cootamundra,819
Cootharaba,820
Coraki,821
Coramba,822
Cordeaux Heights,823
Corinda,824
Corindi Beach,825
Corinella,826
Corio,827
Corlette,828
Cornubia,829
Cornwallis,830
Coromandel Valley,831
Corop,832
Corowa,833
Corrimal,834
Corryong,835
Cottage Point,836
Cottesloe,837
Cotton Tree,838
Couridjah,839
Coutts Crossing,840
Cowell,841
Cowes,842
Cowra,843
Cowwarr,844
Crabbes Creek,845
Crace,846
Crackenback,847
Cradoc,848
Crafers West,849
Craigburn Farm,850
Craigie,851
Craigieburn,852
Craiglie,853
Craigmore,854
Craignish,855
Cranbourne,856
Cranbourne East,857
Cranbourne North,858
Cranbourne South,859
Cranbourne West,860
Cranbrook,861
Cranebrook,862
Crawley,863
Cremorne,864
Cremorne Point,865
Crescent,866
Crescent Head,867
Cressy,868
Crestmead,869
Crestwood,870
Creswick,871
Crib Point,872
Cromer,873
Cronulla,874
Crookwell,875
Crosslands,876
Crows Nest,877
Croydon,878
Croydon Hills,879
Croydon North,880
Croydon Park,881
Crystal Brook,882
Cudlee Creek,883
Cudmirrah,884
Culburra Beach,885
Cumbalum,886
Cumberland Reach,887
Cummins,888
Cundletown,889
Curl Curl,890
Curlewis,891
Curra,892
Currabubula,893
Currajong,894
Currambine,895
Curramore,896
Currans Hill,897
Currarong,898
Currie,899
Currimundi,900
Currumbin,901
Currumbin Valley,902
Currumbin Waters,903
Curtin,904
Cygnet,905
Daisy Hill,906
Dakabin,907
Dalby,908
Dalkeith,909
Dallas,910
Dalmeny,911
Dalyellup,912
Dalyston,913
Dampier,914
Dandaragan,915
Dandenong,916
Dandenong North,917
Dandenong South,918
Dangar Island,919
Dapto,920
Darawank,921
Darch,922
Darley,923
Darling Heights,924
Darling Point,925
Darlinghurst,926
Darlington,927
Darlington Point,928
Darra,929
Dartmouth,930
Daruka,931
Darwin,932
Darwin Dc,933
Davidson,934
Davistown,935
Davoren Park,936
Daw Park,937
Dawes Point,938
Daylesford,939
Deagon,940
Deakin,941
Deception Bay,942
Dee Why,943
Deebing Heights,944
Deepdale,945
Deer Park,946
Deeragun,947
Delacombe,948
Delahey,949
Delegate,950
Deloraine,951
Denham Court,952
Deniliquin,953
Deniliquin North,954
Denistone East,955
Denman,956
Denman Prospect,957
Dennington,958
Denver,959
Derby,960
Dernancourt,961
Derrimut,962
Derwent Park,963
Desert Springs,964
Devonport,965
Diamond Creek,966
Dianella,967
Dickson,968
Dicky Beach,969
Diddillibah,970
Dimboola,971
Dingley Village,972
Dixie,973
Docklands,974
Dolans Bay,975
Dolphin Heads,976
Dombarton,977
Don,978
Donald,979
Doncaster,980
Doncaster East,981
Dongara,982
Donnybrook,983
Donvale,984
Doolandella,985
Doolbi,986
Doonan,987
Doonside,988
Doreen,989
Dorrigo,990
Double Bay,991
Doubleview,992
Douglas,993
Douglas Park,994
Dover,995
Dover Gardens,996
Dover Heights,997
Doveton,998
Dowerin,999
Downer,1000
Doyles Creek,1001
Drewvale,1002
Dromana,1003
Dromedary,1004
Drouin,1005
Drouin West,1006
Drummond Cove,1007
Drummoyne,1008
Dry Creek,1009
Drysdale,1010
Dubbo,1011
Dubbo East,1012
Dubbo West,1013
Dudley,1014
Duffy,1015
Duffys Forest,1016
Dugandan,1017
Dulong,1018
Dulwich,1019
Dulwich Hill,1020
Duncraig,1021
Dundas,1022
Dundas Valley,1023
Dundowran Beach,1024
Dunedoo,1025
Dungog,1026
Dunkeld,1027
Dunlop,1028
Dunmora,1029
Dunmore,1030
Dunnstown,1031
Dunolly,1032
Dunsborough,1033
Dunwich,1034
Durack,1035
Dural,1036
Dural Dc,1037
Dynnyrne,1038
Dysart,1039
Eagle Farm,1040
Eagle Point,1041
Eagleby,1042
Eaglehawk,1043
Eaglehawk Neck,1044
Eaglemont,1045
Earlwood,1046
East Albury,1047
East Arm,1048
East Bairnsdale,1049
East Ballina,1050
East Bendigo,1051
East Branxton,1052
East Brisbane,1053
East Bunbury,1054
East Cannington,1055
East Coraki,1056
East Devonport,1057
East Fremantle,1058
East Geelong,1059
East Gosford,1060
East Hills,1061
East Kempsey,1062
East Kurrajong,1063
East Launceston,1064
East Lismore,1065
East Mackay,1066
East Maitland,1067
East Melbourne,1068
East Perth,1069
East Ryde,1070
East Side,1071
East Tamworth,1072
East Toowoomba,1073
East Victoria Park,1074
East Wardell,1075
Eastern Creek,1076
Eastern Heights,1077
Eastgardens,1078
Eastwood,1079
Eaton,1080
Eatons Hill,1081
Echuca,1082
Echuca Village,1083
Echunga,1084
Eden,1085
Eden Hills,1086
Eden Valley,1087
Edensor Park,1088
Edge Hill,1089
Edgecliff,1090
Edgeworth,1091
Edinburgh,1092
Edinburgh North,1093
Edithvale,1094
Edmonton,1095
Edwardstown,1096
Eglinton,1097
Eight Mile Plains,1098
Eimeo,1099
Elanora,1100
Elanora Heights,1101
Eleebana,1102
Elermore Vale,1103
Elimbah,1104
Elizabeth,1105
Elizabeth Bay,1106
Elizabeth Beach,1107
Elizabeth East,1108
Elizabeth Hills,1109
Elizabeth South,1110
Ellalong,1111
Ellen Grove,1112
Ellenbrook,1113
Elliminyt,1114
Elliott Heads,1115
Ellis Lane,1116
Elsternwick,1117
Eltham,1118
Eltham North,1119
Elwood,1120
Emerald,1121
Emerald Beach,1122
Emerton,1123
Emu Heights,1124
Emu Park,1125
Emu Plains,1126
Encounter Bay,1127
Endeavour Hills,1128
Enfield,1129
Engadine,1130
Enmore,1131
Enoggera,1132
Epping,1133
Epsom,1134
Erakala,1135
Eraring,1136
Erina,1137
Erina Fair,1138
Ermington,1139
Erowal Bay,1140
Erskine Park,1141
Erskineville,1142
Eschol Park,1143
Esk,1144
Esperance,1145
Essendon,1146
Essendon Fields,1147
Essendon North,1148
Essendon West,1149
Estella,1150
Ettalong Beach,1151
Eugowra,1152
Eumundi,1153
Euroa,1154
Euroka,1155
Evandale,1156
Evans Head,1157
Evanston,1158
Evanston Gardens,1159
Evanston Park,1160
Everton Hills,1161
Everton Park,1162
Ewingsdale,1163
Exeter,1164
Eynesbury,1165
Fadden,1166
Failford,1167
Fairfield,1168
Fairfield East,1169
Fairlight,1170
Fairview Park,1171
Fairy Bower,1172
Fairy Meadow,1173
Falconer,1174
Falls Creek,1175
Fannie Bay,1176
Farleigh,1177
Farmborough Heights,1178
Farrar,1179
Federal,1180
Felixstow,1181
Fern Bay,1182
Fern Tree,1183
Ferndale,1184
Ferntree Gully,1185
Fernvale,1186
Ferny Creek,1187
Ferny Grove,1188
Fig Tree Pocket,1189
Figtree,1190
Findon,1191
Fingal,1192
Finley,1193
Fish Creek,1194
Fitzgibbon,1195
Fitzroy,1196
Fitzroy North,1197
Five Dock,1198
Flagstaff Hill,1199
Flemington,1200
Fletcher,1201
Flinders,1202
Flinders Park,1203
Florey,1204
Flowery Gully,1205
Flynn,1206
Footscray,1207
Forbes,1208
Forcett,1209
Forde,1210
Forest Glen,1211
Forest Hill,1212
Forest Lake,1213
Forest Range,1214
Forestville,1215
Forrest Beach,1216
Forresters Beach,1217
Forrestfield,1218
Forreston,1219
Forster,1220
Fortitude Valley,1221
Foster,1222
Fountain Gate,1223
Fountaindale,1224
Foxground,1225
Franklin,1226
Frankston,1227
Frankston South,1228
Freeling,1229
Freemans Reach,1230
Fremantle,1231
Frenchs Forest,1232
Frenchville,1233
Freshwater,1234
Frewville,1235
Fulham,1236
Fulham Gardens,1237
Fullarton,1238
Fyshwick,1239
Gabbadah,1240
Galston,1241
Ganmain,1242
Gapuwiyak,1243
Garbutt,1244
Garden Suburb,1245
Garfield,1246
Garoo,1247
Gateshead,1248
Gatton,1249
Gawler,1250
Gawler South,1251
Gayndah,1252
Gaythorne,1253
Geebung,1254
Geelong,1255
Geelong North,1256
Geelong West,1257
Geeveston,1258
Geilston Bay,1259
Gembrook,1260
George Town,1261
Georges Hall,1262
Georgetown,1263
Gepps Cross,1264
Geraldton,1265
Gerang Gerung,1266
Gerringong,1267
Gerroa,1268
Gheringhap,1269
Gidgegannup,1270
Gilberton,1271
Gilgandra,1272
Gillen,1273
Gillieston Heights,1274
Gillman,1275
Gilmore,1276
Gin Gin,1277
Girraween,1278
Girrawheen,1279
Gisborne,1280
Gisborne South,1281
Gladesville,1282
Gladstone,1283
Gladstone Bc,1284
Gladstone Central,1285
Gladstone Park,1286
Glass House Mountains,1287
Glebe,1288
Gledswood Hills,1289
Glen Alpine,1290
Glen Eden,1291
Glen Forrest,1292
Glen Huntly,1293
Glen Innes,1294
Glen Iris,1295
Glen Osmond,1296
Glen Waverley,1297
Glenalta,1298
Glenbrook,1299
Glendenning,1300
Glenelg,1301
Glenelg North,1302
Glenella,1303
Glenfield,1304
Glenfield Park,1305
Glengarry,1306
Glengowrie,1307
Glenhaven,1308
Glenmore Park,1309
Glenning Valley,1310
Glenorchy,1311
Glenorie,1312
Glenormiston,1313
Glenreagh,1314
Glenroy,1315
Glenside,1316
Glenugie,1317
Glenwood,1318
Glossodia,1319
Gloucester,1320
Glynde,1321
Gnarabup,1322
Godwin Beach,1323
Gol Gol,1324
Gold Coast Mc,1325
Golden Bay,1326
Golden Grove,1327
Golden Point,1328
Golden Square,1329
Gooburrum,1330
Goodna,1331
Goodwood,1332
Googong,1333
Goolhi,1334
Goolmangar,1335
Goolwa,1336
Goondiwindi,1337
Goonellabah,1338
Goorambat,1339
Gooseberry Hill,1340
Gordon,1341
Gordon Park,1342
Gorokan,1343
Gosford,1344
Gosnells,1345
Goulburn,1346
Gowanbrae,1347
Gowrie,1348
Gowrie Junction,1349
Gowrie Little Plain,1350
Gracemere,1351
Graceville,1352
Grafton,1353
Grandchester,1354
Grange,1355
Granton,1356
Granville,1357
Grassmere,1358
Grasstree Beach,1359
Gray,1360
Green Fields,1361
Green Hills,1362
Green Point,1363
Greenacre,1364
Greenbank,1365
Greenfield Park,1366
Greenfields,1367
Greenhill,1368
Greenmount,1369
Greensborough,1370
Greenslopes,1371
Greenvale,1372
Greenway,1373
Greenwell Point,1374
Greenwith,1375
Greenwood,1376
Gregadoo,1377
Gregory Hills,1378
Grenfell,1379
Greta,1380
Greystanes,1381
Griffin,1382
Griffith,1383
Griffith University,1384
Grindelwald,1385
Gritjurk,1386
Grose Vale,1387
Grose Wold,1388
Grovedale,1389
Guildford,1390
Gulgong,1391
Gumeracha,1392
Gundagai,1393
Gungal,1394
Gunn,1395
Gunnedah,1396
Gunning,1397
Gununa,1398
Guyong,1399
Guyra,1400
Guys Hill,1401
Gwandalan,1402
Gwynneville,1403
Gymea,1404
Gymea Bay,1405
Gympie,1406
Haberfield,1407
Hackett,1408
Hacketts Gully,1409
Haddon,1410
Hadspen,1411
Hahndorf,1412
Halfway Creek,1413
Hall,1414
Hallam,1415
Hallett Cove,1416
Halls Head,1417
Hallsville,1418
Hamilton,1419
Hamilton East,1420
Hamilton Hill,1421
Hamilton Island,1422
Hamilton Valley,1423
Hamlyn Heights,1424
Hamlyn Terrace,1425
Hammondville,1426
Hampton,1427
Hampton East,1428
Hampton Park,1429
Hanging Rock,1430
Hannam Vale,1431
Hanwood,1432
Happy Valley,1433
Harcourt North,1434
Harden,1435
Harkaway,1436
Harkness,1437
Harlaxton,1438
Harmers Haven,1439
Harrington,1440
Harrington Park,1441
Harris Park,1442
Harrison,1443
Hassall Grove,1444
Hat Head,1445
Hatton Vale,1446
Haven,1447
Havenview,1448
Hawker,1449
Hawkins Creek,1450
Hawksburn,1451
Hawthorn,1452
Hawthorn East,1453
Hawthorndene,1454
Hawthorne,1455
Hay,1456
Hay Point,1457
Hayborough,1458
Hayes,1459
Haymarket,1460
Haywards Bay,1461
Hazelbrook,1462
Hazelwood North,1463
Hazelwood Park,1464
Healesville,1465
Healy,1466
Heathcote,1467
Heatherbrae,1468
Heatherton,1469
Heathfield,1470
Heathridge,1471
Heatley,1472
Heidelberg,1473
Heidelberg Heights,1474
Heidelberg West,1475
Helensburgh,1476
Helensvale,1477
Helensvale Town Centre,1478
Hemmant,1479
Henderson,1480
Hendon,1481
Hendra,1482
Henley Beach,1483
Henty,1484
Hepburn Springs,1485
Herbert,1486
Herberton,1487
Herdsmans Cove,1488
Heritage Park,1489
Hermit Park,1490
Hermitage Flat,1491
Herne Hill,1492
Hervey Bay,1493
Hervey Range,1494
Hesket,1495
Hewett,1496
Hexham,1497
Heyfield,1498
Heywood,1499
Higgins,1500
High Wycombe,1501
Highett,1502
Highfields,1503
Highgate,1504
Highgate Hill,1505
Highland Park,1506
Highpoint City,1507
Highton,1508
Hill Top,1509
Hillarys,1510
Hillbank,1511
Hillcrest,1512
Hillside,1513
Hillston,1514
Hillvue,1515
Hilton,1516
Hinchinbrook,1517
Hindmarsh,1518
Hmas Cerberus,1519
Hobart,1520
Hodgson Vale,1521
Holbrook,1522
Holden Hill,1523
Holder,1524
Holland Park,1525
Holland Park West,1526
Holloways Beach,1527
Hollywell,1528
Holmview,1529
Holsworthy,1530
Holtze,1531
Homebush,1532
Homebush West,1533
Hope Island,1534
Hope Valley,1535
Hopefield,1536
Hoppers Crossing,1537
Horningsea Park,1538
Hornsby,1539
Hornsby Heights,1540
Horsham,1541
Horsley,1542
Hove,1543
Howard Springs,1544
Howlong,1545
Howqua Inlet,1546
Howrah,1547
Hoxton Park,1548
Hughenden,1549
Hughes,1550
Hughesdale,1551
Hume,1552
Humpty Doo,1553
Hunchy,1554
Hunters Hill,1555
Hunterview,1556
Huntingdale,1557
Huntingfield,1558
Huntingwood,1559
Huntly,1560
Hurstbridge,1561
Hurstville,1562
Huskisson,1563
Hyde Park,1564
Illawong,1565
Illinbah,1566
Iluka,1567
Imbil,1568
Indented Head,1569
Indooroopilly,1570
Ingleburn,1571
Ingleside,1572
Inglewood,1573
Innaloo,1574
Innes Park,1575
Innisfail,1576
Inverell,1577
Inverleigh,1578
Inverloch,1579
Invermay,1580
Ipswich,1581
Ironbank,1582
Ironbark,1583
Irymple,1584
Isaacs,1585
Isabella Plains,1586
Isle Of Capri,1587
Islington,1588
Ivanhoe,1589
Ivanhoe East,1590
Jabiru,1591
Jacobs Well,1592
Jamberoo,1593
James Cook University,1594
James Well,1595
Jamestown,1596
Jamisontown,1597
Jan Juc,1598
Jandabup,1599
Jandakot,1600
Jannali,1601
Jeeralang Junction,1602
Jeir,1603
Jerrabomberra,1604
Jerrys Plains,1605
Jervois,1606
Jewells,1607
Jilliby,1608
Jimboomba,1609
Jindabyne,1610
Jindalee,1611
Jindera,1612
Jingili,1613
Johns River,1614
Johnston,1615
Jolimont,1616
Joondalup,1617
Jordan Springs,1618
Julia Creek,1619
Junction Village,1620
Junee,1621
Junortoun,1622
Kadina,1623
Kahibah,1624
Kaimkillenbun,1625
Kalamunda,1626
Kalaru,1627
Kaleen,1628
Kalgoorlie,1629
Kalimna,1630
Kalinga,1631
Kalkallo,1632
Kalkie,1633
Kallangur,1634
Kallaroo,1635
Kallista,1636
Kalorama,1637
Kambah,1638
Kanahooka,1639
Kangarilla,1640
Kangaroo Flat,1641
Kangaroo Ground,1642
Kangaroo Point,1643
Kanimbla,1644
Kanwal,1645
Kapunda,1646
Karabar,1647
Karalee,1648
Karama,1649
Karana Downs,1650
Kardinya,1651
Kariong,1652
Karlkurla,1653
Karratha,1654
Karridale,1655
Karrinyup,1656
Karumba,1657
Katamatite,1658
Katanning,1659
Katherine,1660
Katherine East,1661
Katherine South,1662
Katoomba,1663
Kawana,1664
Kawungan,1665
Kealba,1666
Kearneys Spring,1667
Kearsley,1668
Kedron,1669
Keilor East,1670
Keilor Park,1671
Keiraville,1672
Keith,1673
Kellyville,1674
Kellyville Ridge,1675
Kelmscott,1676
Kelso,1677
Kelvin Grove,1678
Kempsey,1679
Kempton,1680
Kendall,1681
Kenmore,1682
Kenmore Hills,1683
Kensington,1684
Kensington Gardens,1685
Kensington Park,1686
Kent Town,1687
Kenthurst,1688
Kentlyn,1689
Kenwick,1690
Keperra,1691
Kepnock,1692
Kerang,1693
Kerry,1694
Kersbrook,1695
Keswick,1696
Kettering,1697
Kew,1698
Kew East,1699
Kewarra Beach,1700
Kewdale,1701
Keyneton,1702
Keysborough,1703
Kholo,1704
Kialla,1705
Kiama,1706
Kiama Downs,1707
Kiamba,1708
Kianga,1709
Kiewa,1710
Kilaben Bay,1711
Kilburn,1712
Kilkenny,1713
Killara,1714
Killarney Vale,1715
Killingworth,1716
Kilmore,1717
Kilsyth,1718
Kilsyth South,1719
Kincumber,1720
Kincumber South,1721
King Creek,1722
Kingaroy,1723
Kinglake,1724
Kinglake West,1725
Kings Langley,1726
Kings Meadows,1727
Kings Park,1728
Kingscliff,1729
Kingsgrove,1730
Kingsley,1731
Kingsthorpe,1732
Kingston,1733
Kingston Beach,1734
Kingston Park,1735
Kingswood,1736
Kinross,1737
Kirkstall,1738
Kirkwood,1739
Kirrawee,1740
Kirribilli,1741
Kirwan,1742
Kleinton,1743
Klemzig,1744
Knockrow,1745
Knoxfield,1746
Knuckey Lagoon,1747
Koah,1748
Kogarah,1749
Koo Wee Rup,1750
Koonawarra,1751
Koondoola,1752
Koongal,1753
Koorainghat,1754
Kooralbyn,1755
Kooringal,1756
Kooyong,1757
Koroit,1758
Korora,1759
Korumburra,1760
Kotara,1761
Kotara South,1762
Kowanyama,1763
Kuitpo,1764
Kulgera,1765
Kulnura,1766
Kuluin,1767
Kunda Park,1768
Kundle Kundle,1769
Kungala,1770
Kununurra,1771
Kuraby,1772
Kuranda,1773
Kureelpa,1774
Kurnell,1775
Kurrajong,1776
Kurrajong Hills,1777
Kurri Kurri,1778
Kurunjang,1779
Kurwongbah,1780
Kwinana Beach,1781
Kyabram,1782
Kyancutta,1783
Kybong,1784
Kyeemagh,1785
Kyneton,1786
Kyneton South,1787
Kyogle,1788
La Trobe University,1789
Labrador,1790
Lachlan,1791
Ladysmith,1792
Laguna,1793
Laharum,1794
Laidley,1795
Lake Albert,1796
Lake Bunga,1797
Lake Cargelligo,1798
Lake Cathie,1799
Lake Haven,1800
Lake Heights,1801
Lake Leake,1802
Lake Macdonald,1803
Lake Munmorah,1804
Lake Tabourie,1805
Lake Tyers Beach,1806
Lake Wyangan,1807
Lakelands,1808
Lakemba,1809
Lakes Entrance,1810
Lakesland,1811
Lakewood,1812
Lal Lal,1813
Lalor,1814
Lalor Park,1815
Lambton,1816
Lammermoor,1817
Lancefield,1818
Lancelin,1819
Landsborough,1820
Landsdale,1821
Lane Cove,1822
Lane Cove West,1823
Lang Lang,1824
Langford,1825
Langwarrin,1826
Lanitza,1827
Lansdowne,1828
Lapstone,1829
Lara,1830
Larapinta,1831
Largs,1832
Largs Bay,1833
Larrakeyah,1834
Latham,1835
Lathlain,1836
Latrobe,1837
Lauderdale,1838
Launceston,1839
Launching Place,1840
Laurieton,1841
Lavender Bay,1842
Laverton,1843
Laverton North,1844
Lavington,1845
Lawnton,1846
Lawson,1847
Leanyer,1848
Learmonth,1849
Leconfield,1850
Leederville,1851
Leeming,1852
Leeton,1853
Legana,1854
Legerwood,1855
Leichhardt,1856
Leigh Creek,1857
Leinster,1858
Leith,1859
Lemon Tree Passage,1860
Lenah Valley,1861
Leneva,1862
Lennox Head,1863
Lenswood,1864
Leonay,1865
Leongatha,1866
Leopold,1867
Leppington,1868
Leschenault,1869
Leslie Vale,1870
Lethbridge,1871
Leumeah,1872
Leura,1873
Lewisham,1874
Lewiston,1875
Lidcombe,1876
Lidsdale,1877
Liffey,1878
Lilli Pilli,1879
Lilydale,1880
Lilyfield,1881
Limestone,1882
Lindenow South,1883
Lindfield,1884
Lindisfarne,1885
Lismore,1886
Lismore Heights,1887
Lithgow,1888
Little Bay,1889
Little Hartley,1890
Little Mountain,1891
Little River,1892
Littlehampton,1893
Liverpool,1894
Lloyd,1895
Lobethal,1896
Lock,1897
Lockhart,1898
Lockhart River,1899
Lockleys,1900
Lockwood,1901
Lockwood South,1902
Loftus,1903
Logan Reserve,1904
Logan Village,1905
Loganholme,1906
Logans Crossing,1907
Londonderry,1908
Long Jetty,1909
Longford,1910
Longreach,1911
Longueville,1912
Longwarry,1913
Lonsdale,1914
Lord Howe Island,1915
Lorne,1916
Louth Park,1917
Lovedale,1918
Low Head,1919
Lower Beechmont,1920
Lower Mount Walker,1921
Lower Plenty,1922
Lower Snug,1923
Lower Wattle Grove,1924
Lowood,1925
Loxton,1926
Loxton North,1927
Lucas Heights,1928
Lucknow,1929
Ludmilla,1930
Lugarno,1931
Lurnea,1932
Luscombe,1933
Lutana,1934
Lynbrook,1935
Lyndhurst,1936
Lyneham,1937
Lynton,1938
Lynwood,1939
Lyons,1940
Lysterfield,1941
Lysterfield South,1942
Lytton,1943
Macarthur,1944
Macclesfield,1945
Macedon,1946
Macgregor,1947
Machans Beach,1948
Mackay,1949
Mackay North,1950
Mackay South,1951
Mackenzie,1952
Macksville,1953
Maclean,1954
Macleay Island,1955
Macleod,1956
Macmasters Beach,1957
Macquarie,1958
Macquarie Centre,1959
Macquarie Fields,1960
Macquarie Hills,1961
Macquarie Park,1962
Macquarie University,1963
Maddingley,1964
Maddington,1965
Madeley,1966
Madgwick,1967
Maffra,1968
Magill,1969
Maianbar,1970
Maida Vale,1971
Maiden Gully,1972
Maidstone,1973
Main Beach,1974
Main Ridge,1975
Maitland,1976
Majura,1977
Malabar,1978
Malaga,1979
Malak,1980
Maldon,1981
Maleny,1982
Mallala,1983
Malua Bay,1984
Malvern,1985
Malvern East,1986
Mandalong,1987
Mandurah,1988
Mandurang,1989
Mangalore,1990
Mangerton,1991
Mango Hill,1992
Mangrove Mountain,1993
Manifold Heights,1994
Manildra,1995
Manilla,1996
Maningrida,1997
Manly,1998
Manly Vale,1999
Manly West,2000
Manning,2001
Mannum,2002
Manor Lakes,2003
Mansfield,2004
Mansfield Park,2005
Manton,2006
Manuka,2007
Manunda,2008
Mapleton,2009
Marangaroo,2010
Maraylya,2011
Marble Hill,2012
Marcoola,2013
Marden,2014
Mardi,2015
Mareeba,2016
Margaret River,2017
Margate,2018
Marian,2019
Maribyrnong,2020
Mariginiup,2021
Marino,2022
Marion,2023
Marleston,2024
Marlow Lagoon,2025
Marmion,2026
Marmong Point,2027
Maroochydore,2028
Maroona,2029
Maroota,2030
Maroubra,2031
Marrara,2032
Marrickville,2033
Marrickville South,2034
Marsden,2035
Marsden Park,2036
Marshall,2037
Marshall Mount,2038
Martin,2039
Maryborough,2040
Mascot,2041
Maslin Beach,2042
Matcham,2043
Matraville,2044
Maudsland,2045
Mawson Lakes,2046
Mayfield,2047
Mayfield West,2048
Maylands,2049
Mccracken,2050
Mccrae,2051
Mcdougalls Hill,2052
Mcdowall,2053
Mcgraths Hill,2054
Mcilwraith,2055
Mckellar,2056
Mckinnon,2057
Mclaren Vale,2058
Mcmahons Point,2059
Meadow Flat,2060
Meadow Heights,2061
Meadowbank,2062
Meadows,2063
Medowie,2064
Meeniyan,2065
Melbourne,2066
Melbourne Airport,2067
Melrose,2068
Melrose Park,2069
Melton,2070
Melton South,2071
Melton West,2072
Melville,2073
Memerambi,2074
Mena Creek,2075
Menai,2076
Menai Central,2077
Menangle,2078
Meningie,2079
Menora,2080
Mentone,2081
Menzies,2082
Merbein,2083
Merbein South,2084
Meredith,2085
Merewether,2086
Merewether Heights,2087
Meridan Plains,2088
Merimbula,2089
Meringandan West,2090
Mermaid Beach,2091
Mermaid Waters,2092
Mernda,2093
Merricks,2094
Merricks North,2095
Merrijig,2096
Merrimac,2097
Merriwa,2098
Merrylands,2099
Metford,2100
Miami,2101
Mickleham,2102
Middle Cove,2103
Middle Park,2104
Middle Ridge,2105
Middle Swan,2106
Middlemount,2107
Middleton,2108
Midland,2109
Midvale,2110
Midway Point,2111
Miepoll,2112
Milawa,2113
Mildura,2114
Mile End,2115
Mile End South,2116
Miles,2117
Mill Park,2118
Millars Well,2119
Millbank,2120
Millbridge,2121
Millendon,2122
Miller,2123
Millers Point,2124
Millicent,2125
Millner,2126
Millswood,2127
Millthorpe,2128
Milperra,2129
Milsons Point,2130
Milton,2131
Minchinbury,2132
Mindarie,2133
Miners Rest,2134
Minjilang,2135
Minlaton,2136
Minnamurra,2137
Minto,2138
Minyama,2139
Minyip,2140
Miranda,2141
Mirani,2142
Mirboo North,2143
Mirrabooka,2144
Mirriwinni,2145
Mitcham,2146
Mitchell,2147
Mitchelton,2148
Mitre,2149
Mittagong,2150
Moa Island,2151
Moama,2152
Modbury,2153
Modbury North,2154
Moe,2155
Moffat Beach,2156
Moggill,2157
Mogo,2158
Moil,2159
Mole Creek,2160
Molendinar,2161
Mollymook,2162
Mollymook Beach,2163
Molong,2164
Mona Vale,2165
Monash,2166
Monash University,2167
Monbulk,2168
Moncrieff,2169
Mont Albert,2170
Montello,2171
Monterey,2172
Montmorency,2173
Monto,2174
Montrose,2175
Montville,2176
Moolap,2177
Mooloolaba,2178
Mooloolah Valley,2179
Moonah,2180
Moonbah,2181
Moonbi,2182
Mooneba,2183
Moonee Ponds,2184
Moonta,2185
Moonyoonooka,2186
Moorabbin,2187
Moorabbin Airport,2188
Moore Creek,2189
Moore Park,2190
Moore Park Beach,2191
Moorebank,2192
Moorland,2193
Mooroobool,2194
Moorooka,2195
Mooroolbark,2196
Mooroopna,2197
Moranbah,2198
Morayfield,2199
Mordialloc,2200
Moree,2201
Morgan,2202
Morisset,2203
Morley,2204
Morningside,2205
Mornington,2206
Mororo,2207
Morpeth,2208
Morphett Vale,2209
Mortdale,2210
Mortlake,2211
Moruya,2212
Morwell,2213
Mosman,2214
Mosman Park,2215
Moss Vale,2216
Mossy Point,2217
Moulden,2218
Mount Annan,2219
Mount Aquila,2220
Mount Austin,2221
Mount Barker,2222
Mount Beauty,2223
Mount Claremont,2224
Mount Colah,2225
Mount Coolum,2226
Mount Cotton,2227
Mount Cottrell,2228
Mount Crosby,2229
Mount Direction,2230
Mount Druitt,2231
Mount Duneed,2232
Mount Egerton,2233
Mount Eliza,2234
Mount Emu,2235
Mount Evelyn,2236
Mount Gambier,2237
Mount Gravatt,2238
Mount Gravatt East,2239
Mount Hawthorn,2240
Mount Helen,2241
Mount Helena,2242
Mount Isa,2243
Mount Isa City,2244
Mount Kuring-gai,2245
Mount Lawley,2246
Mount Lewis,2247
Mount Lofty,2248
Mount Louisa,2249
Mount Macedon,2250
Mount Martha,2251
Mount Morgan,2252
Mount Nasura,2253
Mount Nathan,2254
Mount Nelson,2255
Mount Ommaney,2256
Mount Pleasant,2257
Mount Rankin,2258
Mount Rascal,2259
Mount Riverview,2260
Mount Samson,2261
Mount Sheridan,2262
Mount St John,2263
Mount Stuart,2264
Mount Tarcoola,2265
Mount Thorley,2266
Mount Torrens,2267
Mount Vernon,2268
Mount Victoria,2269
Mount Warren Park,2270
Mount Warrigal,2271
Mount Waverley,2272
Mountain Creek,2273
Moura,2274
Mowbray,2275
Mudgee,2276
Mudgeeraba,2277
Mudjimba,2278
Muirhead,2279
Mulambin,2280
Mulbring,2281
Mulgoa,2282
Mulgrave,2283
Mullaloo,2284
Mullaway,2285
Mullumbimby,2286
Mulwala,2287
Mundaring,2288
Mundingburra,2289
Mundoolun,2290
Mundoora,2291
Munno Para West,2292
Munster,2293
Murarrie,2294
Murchison,2295
Murdoch,2296
Murray Bridge,2297
Murray Bridge East,2298
Murrays Beach,2299
Murrumba Downs,2300
Murrumbateman,2301
Murrumbeena,2302
Murtoa,2303
Murwillumbah,2304
Muscle Creek,2305
Musk,2306
Muswellbrook,2307
Myaree,2308
Mylor,2309
Myocum,2310
Myponga,2311
Myrniong,2312
Myrtle Bank,2313
Myrtleford,2314
Nabawa,2315
Nabiac,2316
Nabowla,2317
Nagambie,2318
Nailsworth,2319
Nairne,2320
Nakara,2321
Nambour,2322
Nambucca Heads,2323
Nana Glen,2324
Nanango,2325
Nandaly,2326
Nanum,2327
Napoleons,2328
Napperby,2329
Nar Nar Goon,2330
Nar Nar Goon North,2331
Naracoorte,2332
Narangba,2333
Narara,2334
Narellan,2335
Narellan Vale,2336
Narembeen,2337
Naremburn,2338
Narooma,2339
Narrabeen,2340
Narrabri,2341
Narrabundah,2342
Narrandera,2343
Narraweena,2344
Narrawong,2345
Narre Warren,2346
Narre Warren North,2347
Narre Warren South,2348
Narromine,2349
Nathalia,2350
Nathan,2351
Natimuk,2352
Naval Base,2353
Nedlands,2354
Nelly Bay,2355
Nelson,2356
Nelson Bay,2357
Nemingha,2358
Nerang,2359
Nerimbera,2360
Nerring,2361
Netherby,2362
Netley,2363
Neutral Bay,2364
New Auckland,2365
New Beith,2366
New Farm,2367
New Lambton,2368
New Lambton Heights,2369
New Moonta,2370
New Norfolk,2371
New Town,2372
Newborough,2373
Newcastle,2374
Newcastle East,2375
Newcastle West,2376
Newham,2377
Newhaven,2378
Newington,2379
Newlyn North,2380
Newman,2381
Newmarket,2382
Newmerella,2383
Newnham,2384
Newport,2385
Newrybar,2386
Newstead,2387
Newton,2388
Newtown,2389
Ngunnawal,2390
Nhill,2391
Nhulunbuy,2392
Niagara Park,2393
Nicholls,2394
Nicholls Rivulet,2395
Nichols Point,2396
Nickol,2397
Niddrie,2398
Nightcliff,2399
Nikenbah,2400
Nindaroo,2401
Ninderry,2402
Ningi,2403
Nintingbool,2404
Noarlunga Centre,2405
Noarlunga Downs,2406
Noble Park,2407
Noble Park North,2408
Noosa Heads,2409
Noosaville,2410
Noranda,2411
Noraville,2412
Nords Wharf,2413
Norman Gardens,2414
Norman Park,2415
Normanhurst,2416
Normanville,2417
North Adelaide,2418
North Arm Cove,2419
North Avoca,2420
North Balgowlah,2421
North Beach,2422
North Bendigo,2423
North Boambee Valley,2424
North Bondi,2425
North Booval,2426
North Brighton,2427
North Casino,2428
North Coogee,2429
North Curl Curl,2430
North Dandalup,2431
North Fremantle,2432
North Gosford,2433
North Haven,2434
North Hobart,2435
North Lakes,2436
North Lambton,2437
North Mackay,2438
North Maclean,2439
North Manly,2440
North Melbourne,2441
North Motton,2442
North Narooma,2443
North Narrabeen,2444
North Nowra,2445
North Parramatta,2446
North Perth,2447
North Plympton,2448
North Richmond,2449
North Rocks,2450
North Rothbury,2451
North Ryde,2452
North St Marys,2453
North Strathfield,2454
North Sydney,2455
North Tamborine,2456
North Tamworth,2457
North Toowoomba,2458
North Tumbulgum,2459
North Turramurra,2460
North Wagga Wagga,2461
North Wahroonga,2462
North Ward,2463
North Warrandyte,2464
North Willoughby,2465
North Wollongong,2466
North Wonthaggi,2467
Northam,2468
Northbridge,2469
Northcliffe,2470
Northcote,2471
Northdown,2472
Northfield,2473
Northgate,2474
Northmead,2475
Norville,2476
Norwood,2477
Notting Hill,2478
Novar Gardens,2479
Nowra,2480
Nulkaba,2481
Numurkah,2482
Nunawading,2483
Nundah,2484
Nuriootpa,2485
Nyngan,2486
Nyora,2487
O'connell,2488
O'connor,2489
Oak Park,2490
Oakdale,2491
Oakdowns,2492
Oakey,2493
Oakleigh,2494
Oakleigh East,2495
Oakleigh South,2496
Oakville,2497
Oakwood,2498
Oatlands,2499
Oatley,2500
Oberon,2501
Ocean Grove,2502
Ocean Reef,2503
Ocean Shores,2504
Officer,2505
Old Bar,2506
Old Beach,2507
Old Erowal Bay,2508
Old Junee,2509
Old Reynella,2510
Olinda,2511
Onkaparinga Hills,2512
Ooralea,2513
Opossum Bay,2514
Oran Park,2515
Orange,2516
Orange Dc,2517
Orangeville,2518
Orbost,2519
Orchard Hills,2520
Orielton,2521
Orient Point,2522
Ormeau,2523
Ormiston,2524
Ormond,2525
Orrvale,2526
Osborne Park,2527
Osborne Park Dc,2528
Otago,2529
Ourimbah,2530
Ovens,2531
Oxenford,2532
Oxford Falls,2533
Oxley,2534
Oxley Vale,2535
Oyster Bay,2536
Pacific Pines,2537
Padbury,2538
Paddington,2539
Padstow,2540
Padthaway,2541
Page,2542
Paget,2543
Pagewood,2544
Pakenham,2545
Pakenham Upper,2546
Pallara,2547
Pallarenda,2548
Palm Beach,2549
Palm Cove,2550
Palmer,2551
Palmers Island,2552
Palmerston,2553
Palmview,2554
Palmwoods,2555
Palmyra,2556
Pambula,2557
Panania,2558
Panton Hill,2559
Para Hills,2560
Para Hills West,2561
Para Vista,2562
Paraburdoo,2563
Paradise,2564
Paradise Point,2565
Parafield Gardens,2566
Parap,2567
Paringa,2568
Park Avenue,2569
Park Grove,2570
Park Orchards,2571
Park Ridge South,2572
Parkdale,2573
Parkerville,2574
Parkes,2575
Parkinson,2576
Parklands,2577
Parklea,2578
Parkside,2579
Parkville,2580
Parkwood,2581
Parmelia,2582
Parramatta,2583
Parramatta Westfield,2584
Parrearra,2585
Pasadena,2586
Pascoe Vale,2587
Pascoe Vale South,2588
Patterson Lakes,2589
Paxton,2590
Payneham,2591
Paynesville,2592
Peachester,2593
Peakhurst,2594
Peakhurst Dc,2595
Pearce,2596
Pearl Beach,2597
Pearsall,2598
Peel,2599
Pegarah,2600
Pegs Creek,2601
Pelaw Main,2602
Pelican Point,2603
Pelican Waters,2604
Pemberton,2605
Pemulwuy,2606
Pendle Hill,2607
Penguin,2608
Penna,2609
Pennant Hills,2610
Penneshaw,2611
Pennington,2612
Penola,2613
Penrice,2614
Penrith,2615
Penshurst,2616
Peppermint Grove,2617
Peregian Beach,2618
Peregian Springs,2619
Perseverance,2620
Perth,2621
Perth Airport,2622
Perthville,2623
Peterhead,2624
Petersham,2625
Petrie,2626
Pheasant Creek,2627
Pheasants Nest,2628
Phillip,2629
Pialba,2630
Piara Waters,2631
Pickering Brook,2632
Picnic Point,2633
Picton,2634
Piggabeen,2635
Pimlico,2636
Pimpama,2637
Pine Creek,2638
Pine Mountain,2639
Pinelands,2640
Pinjarra Hills,2641
Pinkenba,2642
Pioneer,2643
Pioneer Bay,2644
Pipers River,2645
Pirrinuan,2646
Pirron Yallock,2647
Pitt Town,2648
Pittsworth,2649
Plenty,2650
Pleystowe,2651
Plumpton,2652
Plympton,2653
Point Clare,2654
Point Cook,2655
Point Lonsdale,2656
Point Samson,2657
Point Vernon,2658
Pokolbin,2659
Pomona,2660
Pontville,2661
Pooraka,2662
Porepunkah,2663
Port Augusta,2664
Port Augusta West,2665
Port Broughton,2666
Port Campbell,2667
Port Douglas,2668
Port Elliot,2669
Port Fairy,2670
Port Hacking,2671
Port Hedland,2672
Port Hughes,2673
Port Kennedy,2674
Port Lincoln,2675
Port Macquarie,2676
Port Macquarie Bc,2677
Port Melbourne,2678
Port Noarlunga,2679
Port Noarlunga South,2680
Port Of Brisbane,2681
Port Pirie,2682
Port Pirie South,2683
Port Pirie West,2684
Port Sorell,2685
Port Wakefield,2686
Port Willunga,2687
Portarlington,2688
Portland,2689
Portsea,2690
Portsmith,2691
Potts Point,2692
Pottsville,2693
Prahran,2694
Prahran East,2695
Prairiewood,2696
Preston,2697
Preston Beach,2698
Prestons,2699
Priestdale,2700
Primbee,2701
Proserpine,2702
Prospect,2703
Prospect Vale,2704
Puckapunyal,2705
Pullenvale,2706
Punchbowl,2707
Purnim,2708
Pymble,2709
Pyrmont,2710
Quaama,2711
Quakers Hill,2712
Quandialla,2713
Quarry Hill,2714
Queanbeyan,2715
Queanbeyan East,2716
Queenscliff,2717
Quilpie,2718
Quindalup,2719
Quinns Rocks,2720
Quirindi,2721
Quoiba,2722
Quorn,2723
Raby,2724
Raceview,2725
Raglan,2726
Railway Estate,2727
Rainbow Beach,2728
Rainbow Flat,2729
Ramingining,2730
Randwick,2731
Randwick Dc,2732
Ranelagh,2733
Rankin Park,2734
Rapid Creek,2735
Rathmines,2736
Ravenhall,2737
Ravenshoe,2738
Ravensthorpe,2739
Ravenswood,2740
Raworth,2741
Raymond Terrace,2742
Razorback,2743
Red Cliffs,2744
Red Hill,2745
Red Hill Rockhampton,2746
Red Hill South,2747
Redbank,2748
Redbank Plains,2749
Redcliffe,2750
Redfern,2751
Redhead,2752
Redland Bay,2753
Redlynch,2754
Redridge,2755
Redwood Park,2756
Reedy Creek,2757
Regency Park,2758
Regents Park,2759
Regentville,2760
Relbia,2761
Renmark,2762
Research,2763
Reservoir,2764
Revesby,2765
Revesby Heights,2766
Rhodes,2767
Richlands,2768
Richmond,2769
Richmond Hill,2770
Riddells Creek,2771
Ridgeway,2772
Ridleyton,2773
Ringarooma,2774
Ringtail Creek,2775
Ringwood,2776
Ringwood East,2777
Ringwood North,2778
Riordanvale,2779
Ripley,2780
Ripponlea,2781
Risdon Park,2782
Risdon Park South,2783
Risdon Vale,2784
Riverside,2785
Riverstone,2786
Riverton,2787
Rivervale,2788
Riverview,2789
Riverwood,2790
Robe,2791
Robertson,2792
Robin Hill,2793
Robina,2794
Robina Town Centre,2795
Robinvale,2796
Rochedale,2797
Rochedale South,2798
Rocherlea,2799
Roches Beach,2800
Rockbank,2801
Rockdale,2802
Rockhampton,2803
Rockhampton City,2804
Rockhampton Dc,2805
Rockingham,2806
Rocklea,2807
Rocklea Dc,2808
Rockyview,2809
Rokeby,2810
Roleystone,2811
Roma,2812
Romaine,2813
Romsey,2814
Rooty Hill,2815
Ropes Crossing,2816
Rosanna,2817
Rose Bay,2818
Rose Park,2819
Rosebery,2820
Rosebud,2821
Rosedale,2822
Rosehill,2823
Roselands,2824
Rosemeadow,2825
Rosetta,2826
Rosevale,2827
Roseville,2828
Rosewood,2829
Rosny,2830
Rosny Park,2831
Ross,2832
Rosslea,2833
Rosslyn,2834
Rossmore,2835
Rostrevor,2836
Rothwell,2837
Round Hill,2838
Rouse Hill,2839
Rowville,2840
Roxburgh Park,2841
Roxby Downs,2842
Royalla,2843
Rozelle,2844
Rubyanna,2845
Rudds Gully,2846
Runaway Bay,2847
Runcorn,2848
Rupanyup,2849
Rural View,2850
Ruse,2851
Russell,2852
Russell Vale,2853
Rutherford,2854
Rutherglen,2855
Rydalmere,2856
Ryde,2857
Rye,2858
Rylstone,2859
Sadadeen,2860
Sadliers Crossing,2861
Safety Bay,2862
Safety Beach,2863
Saibai Island,2864
Salamander Bay,2865
Sale,2866
Salisbury,2867
Salisbury Downs,2868
Salisbury East,2869
Salisbury Heights,2870
Salisbury North,2871
Salisbury South,2872
Salter Point,2873
Saltwater River,2874
Samson,2875
San Remo,2876
Sanctuary Cove,2877
Sanctuary Point,2878
Sandfly,2879
Sandford,2880
Sandgate,2881
Sandringham,2882
Sandy Bay,2883
Sandy Hollow,2884
Sans Souci,2885
Sapphire Beach,2886
Saratoga,2887
Sassafras,2888
Sawtell,2889
Scarborough,2890
Scarness,2891
Scarsdale,2892
Scone,2893
Scoresby,2894
Scottsdale,2895
Scullin,2896
Sea Lake,2897
Seabrook,2898
Seacombe Gardens,2899
Seaford,2900
Seaford Meadows,2901
Seaford Rise,2902
Seaforth,2903
Seaham,2904
Seaton,2905
Sebastian,2906
Sebastopol,2907
Secret Harbour,2908
Sedan,2909
Seddon,2910
Sedgwick,2911
Seelands,2912
Sefton,2913
Selby,2914
Seven Hills,2915
Seven Mile Beach,2916
Seville,2917
Seymour,2918
Shailer Park,2919
Shalvey,2920
Shanes Park,2921
Sharon,2922
Shaugh,2923
Sheffield,2924
Sheidow Park,2925
Shelford,2926
Shell Cove,2927
Shellharbour,2928
Shelly Beach,2929
Shenton Park,2930
Shepparton,2931
Shepparton East,2932
Sherbrooke,2933
Sherwood,2934
Shoal Point,2935
Shoalhaven Heads,2936
Shoalwater,2937
Shoreham,2938
Shortland,2939
Sidmouth,2940
Silverdale,2941
Silverwater,2942
Simpson,2943
Singleton,2944
Singleton Heights,2945
Sinnamon Park,2946
Sippy Downs,2947
Sisters Beach,2948
Skennars Head,2949
Skipton,2950
Skye,2951
Slacks Creek,2952
Slade Point,2953
Sleepy Hollow,2954
Smeaton Grange,2955
Smithfield,2956
Smithfield Plains,2957
Smiths Creek,2958
Smithton,2959
Smythes Creek,2960
Soldiers Point,2961
Somersby,2962
Somerset,2963
Somerton,2964
Somerton Park,2965
Somerville,2966
Sorell,2967
Sorrento,2968
South Albury,2969
South Arm,2970
South Bathurst,2971
South Bowenfels,2972
South Brighton,2973
South Brisbane,2974
South Bunbury,2975
South Coogee,2976
South Fremantle,2977
South Geelong,2978
South Gladstone,2979
South Grafton,2980
South Hedland,2981
South Hobart,2982
South Kalgoorlie,2983
South Kempsey,2984
South Lake,2985
South Launceston,2986
South Lismore,2987
South Maclean,2988
South Maitland,2989
South Melbourne,2990
South Morang,2991
South Nowra,2992
South Pambula,2993
South Penrith,2994
South Perth,2995
South Ripley,2996
South Spreyton,2997
South Tamworth,2998
South Townsville,2999
South Turramurra,3000
South West Rocks,3001
South Wharf,3002
South Windsor,3003
South Yarra,3004
Southbank,3005
Southern Cross,3006
Southern River,3007
Southport,3008
Southport Bc,3009
Spearwood,3010
Speers Point,3011
Spence,3012
Spotswood,3013
Spreyton,3014
Spring Farm,3015
Spring Grove,3016
Spring Gully,3017
Spring Hill,3018
Springfield,3019
Springfield Central,3020
Springfield Lakes,3021
Springsure,3022
Springvale,3023
Springvale South,3024
Springwood,3025
Squeaking Point,3026
St Agnes,3027
St Albans,3028
St Albans Park,3029
St Andrews,3030
St Andrews Beach,3031
St Arnaud,3032
St Clair,3033
St Fillans,3034
St George,3035
St Georges Basin,3036
St Helena,3037
St Helens,3038
St Helens Park,3039
St Ives,3040
St Ives Chase,3041
St James,3042
St Johns Park,3043
St Kilda,3044
St Kilda East,3045
St Kilda West,3046
St Lawrence,3047
St Leonards,3048
St Lucia,3049
St Mary,3050
St Marys,3051
St Morris,3052
St Peters,3053
Stafford,3054
Stafford Heights,3055
Stanbridge,3056
Stanford Merthyr,3057
Stanhope Gardens,3058
Stanmore,3059
Stanwell,3060
Stanwell Park,3061
Stapylton,3062
Stawell,3063
Stepney,3064
Stirling,3065
Stirling North,3066
Stockwell,3067
Stony Rise,3068
Strangways,3069
Stratford,3070
Strathalbyn,3071
Strathblane,3072
Strathbogie,3073
Strathdale,3074
Strathfield,3075
Strathfield South,3076
Strathfieldsaye,3077
Strathmore,3078
Strathpine,3079
Stratton,3080
Streaky Bay,3081
Stretton,3082
Stuart,3083
Stuart Park,3084
Sturt,3085
Subiaco,3086
Success,3087
Suffolk Park,3088
Sulphur Creek,3089
Summer Hill,3090
Summerland Point,3091
Sumner,3092
Sumner Park Bc,3093
Sunbury,3094
Sunnybank,3095
Sunnybank Hills,3096
Sunrise Beach,3097
Sunset,3098
Sunset Beach,3099
Sunset Strip,3100
Sunshine,3101
Sunshine Bay,3102
Sunshine Beach,3103
Sunshine North,3104
Sunshine West,3105
Surf Beach,3106
Surfers Paradise,3107
Surfside,3108
Surrey Hills,3109
Surry Hills,3110
Sussex Inlet,3111
Sutherland,3112
Sutton,3113
Suttontown,3114
Swan Hill,3115
Swan View,3116
Swanbourne,3117
Swansea Heads,3118
Sydenham,3119
Sydney,3120
Sydney Olympic Park,3121
Sydney South,3122
Sylvania,3123
Tabbita,3124
Table Top,3125
Tahmoor,3126
Tailem Bend,3127
Takura,3128
Tallai,3129
Tallangatta,3130
Tallarook,3131
Tallebudgera,3132
Tallebudgera Valley,3133
Tallimba,3134
Tallong,3135
Tallwoods Village,3136
Tallygaroopna,3137
Tamborine,3138
Tamborine Mountain,3139
Taminda,3140
Tamworth,3141
Tanawha,3142
Tanby,3143
Tangambalanga,3144
Tanilba Bay,3145
Tannabar,3146
Tannum Sands,3147
Tanunda,3148
Tapitallee,3149
Tapping,3150
Tara,3151
Taranganba,3152
Taree,3153
Taren Point,3154
Taringa,3155
Tarneit,3156
Taroomball,3157
Tarragindi,3158
Tarrawanna,3159
Tarro,3160
Tascott,3161
Tathra,3162
Tatton,3163
Tatura,3164
Tawonga,3165
Taylors Beach,3166
Taylors Hill,3167
Taylors Lakes,3168
Tea Gardens,3169
Tea Tree,3170
Tecoma,3171
Teesdale,3172
Telina,3173
Temora,3174
Tempe,3175
Templestowe,3176
Templestowe Lower,3177
Tenambit,3178
Teneriffe,3179
Tennant Creek,3180
Tennyson,3181
Tennyson Point,3182
Tenterfield,3183
Terang,3184
Terara,3185
Terrey Hills,3186
Terrigal,3187
Tewantin,3188
Thabeban,3189
Thallon,3190
Thangool,3191
The Basin,3192
The Entrance,3193
The Gap,3194
The Gardens,3195
The Hill,3196
The Junction,3197
The Narrows,3198
The Oaks,3199
The Palms,3200
The Patch,3201
The Ponds,3202
The Range,3203
The Ridgeway,3204
The Rocks,3205
The Vines,3206
Thebarton,3207
Theodore,3208
Thirlmere,3209
Thirroul,3210
Thomastown,3211
Thornbury,3212
Thorneside,3213
Thornlands,3214
Thornleigh,3215
Thornlie,3216
Thornton,3217
Thredbo,3218
Thrumster,3219
Thurgoona,3220
Thuringowa Central,3221
Thursday Island,3222
Tiaro,3223
Tieri,3224
Tighes Hill,3225
Tilba Tilba,3226
Timber Creek,3227
Timboon,3228
Tin Can Bay,3229
Tinana,3230
Tinbeerwah,3231
Tindal,3232
Tingalpa,3233
Tingha,3234
Tingira Heights,3235
Tinonee,3236
Tiwi,3237
Tocumwal,3238
Tolland,3239
Tolmans Hill,3240
Tolmie,3241
Tom Price,3242
Tomago,3243
Tomakin,3244
Tomerong,3245
Tonimbuk,3246
Tooborac,3247
Toogoolawah,3248
Toolamba,3249
Toolooa,3250
Toongabbie,3251
Toora,3252
Toorak,3253
Toorak Gardens,3254
Toorloo Arm,3255
Toormina,3256
Tootgarook,3257
Toowong,3258
Toowong Dc,3259
Toowoomba,3260
Toowoomba City,3261
Torbanlea,3262
Toronto,3263
Torquay,3264
Torrens,3265
Torrens Park,3266
Torrensville,3267
Torrington,3268
Torrumbarry,3269
Tottenham,3270
Toukley,3271
Towen Mountain,3272
Townsville,3273
Townsville City,3274
Townsville Milpo,3275
Townview,3276
Towradgi,3277
Trafalgar,3278
Trangie,3279
Tranmere,3280
Traralgon,3281
Traralgon East,3282
Travancore,3283
Treeby,3284
Tregeagle,3285
Trentham,3286
Tresco,3287
Trevallyn,3288
Trigg,3289
Trinity Beach,3290
Trinity Gardens,3291
Truganina,3292
Trunding,3293
Trundle,3294
Trunkey Creek,3295
Truro,3296
Tuart Hill,3297
Tuckombil,3298
Tuggerah,3299
Tuggerawong,3300
Tugun,3301
Tullamarine,3302
Tullamore,3303
Tullibigeal,3304
Tumbarumba,3305
Tumbi Umbi,3306
Tumby Bay,3307
Tumut,3308
Tuncurry,3309
Tura Beach,3310
Turkey Beach,3311
Turner,3312
Turners Beach,3313
Turners Marsh,3314
Turramurra,3315
Turrella,3316
Turvey Park,3317
Tweed Heads,3318
Tweed Heads South,3319
Tweed Heads West,3320
Two Wells,3321
Tyabb,3322
Tyagarah,3323
Tyers,3324
Tyrendarra,3325
Ulan,3326
Ulladulla,3327
Ulmarra,3328
Ultimo,3329
Ulverstone,3330
Umina Beach,3331
Unanderra,3332
Underwood,3333
Ungarie,3334
University Of New England,3335
University Of Wollongong,3336
Unley,3337
Upper Burnie,3338
Upper Caboolture,3339
Upper Coomera,3340
Upper Ferntree Gully,3341
Upper Kedron,3342
Upper Mount Gravatt,3343
Upper Orara,3344
Upper Sturt,3345
Upwey,3346
Uraidla,3347
Uralba,3348
Uralla,3349
Urana,3350
Urangan,3351
Uranquinty,3352
Uriarra Village,3353
Urraween,3354
Urunga,3355
Usher,3356
Vale Of Clwydd,3357
Valentine,3358
Valley Heights,3359
Valley View,3360
Varsity Lakes,3361
Vasse,3362
Vaucluse,3363
Ventnor,3364
Veresdale Scrub,3365
Verges Creek,3366
Vermont South,3367
Verrierdale,3368
Victor Harbor,3369
Victoria Park,3370
Victoria Point,3371
Victoria Point West,3372
Victory Heights,3373
Viewbank,3374
Vincentia,3375
Vineyard,3376
Virginia,3377
Voyager Point,3378
Wacol,3379
Wadalba,3380
Wadeye,3381
Wagaman,3382
Wagga Wagga,3383
Wagstaffe,3384
Wahroonga,3385
Waikerie,3386
Waikiki,3387
Wakeley,3388
Wakerley,3389
Walcha,3390
Walgett,3391
Walkerston,3392
Walkervale,3393
Walkerville,3394
Wallabadah,3395
Wallacia,3396
Wallaga Lake,3397
Wallamore,3398
Wallan,3399
Wallangarra,3400
Wallaroo,3401
Wallerawang,3402
Walligan,3403
Wallington,3404
Walliston,3405
Walloon,3406
Wallsend,3407
Wamberal,3408
Wamboin,3409
Wamuran,3410
Wandal,3411
Wandana Heights,3412
Wandandian,3413
Wandi,3414
Wandin North,3415
Wandina,3416
Wandoan,3417
Wandong,3418
Wangara,3419
Wangara Dc,3420
Wangaratta,3421
Wangi Wangi,3422
Wanneroo,3423
Wanniassa,3424
Wantirna,3425
Wantirna South,3426
Warana,3427
Waratah,3428
Warburton,3429
Wareemba,3430
Warnbro,3431
Warner,3432
Warners Bay,3433
Warnervale,3434
Warracknabeal,3435
Warradale,3436
Warragamba,3437
Warragul,3438
Warrandyte,3439
Warrandyte South,3440
Warrane,3441
Warranwood,3442
Warrawee,3443
Warrawong,3444
Warren,3445
Warrenheip,3446
Warriewood,3447
Warriewood Dc,3448
Warrill View,3449
Warringah Mall,3450
Warrnambool,3451
Warwick,3452
Warwick Farm,3453
Waterford,3454
Waterloo,3455
Watersleigh,3456
Watson,3457
Watsonia,3458
Wattle Glen,3459
Wattle Grove,3460
Wattle Park,3461
Wattle Ponds,3462
Waubra,3463
Wauchope,3464
Waurn Ponds,3465
Wavell Heights,3466
Waverley,3467
Wayville,3468
Wedderburn,3469
Wedgefield,3470
Wee Waa,3471
Weetangera,3472
Weipa,3473
Weir Views,3474
Welland,3475
Wellesley,3476
Wellington,3477
Wellington Point,3478
Welshpool,3479
Wembley,3480
Wembley Downs,3481
Wendouree,3482
Wentworth Falls,3483
Wentworth Point,3484
Wentworthville,3485
Werombi,3486
Werribee,3487
Werribee South,3488
Werrington County,3489
Werris Creek,3490
West Beach,3491
West Burleigh,3492
West Busselton,3493
West End,3494
West Footscray,3495
West Gladstone,3496
West Gosford,3497
West Hobart,3498
West Hoxton,3499
West Kalgoorlie,3500
West Kempsey,3501
West Kentish,3502
West Lakes,3503
West Lakes Shore,3504
West Lamington,3505
West Launceston,3506
West Leederville,3507
West Melbourne,3508
West Pennant Hills,3509
West Perth,3510
West Pymble,3511
West Ryde,3512
West Tamworth,3513
West Wallsend,3514
West Wodonga,3515
West Wollongong,3516
West Wyalong,3517
Westbourne Park,3518
Westbrook,3519
Westbury,3520
Westcourt,3521
Westdale,3522
Western Junction,3523
Westerway,3524
Westlake,3525
Westleigh,3526
Westmeadows,3527
Westminster,3528
Wetherill Park,3529
Weyba Downs,3530
Whalan,3531
Wheelers Hill,3532
White Beach,3533
White Gum Valley,3534
White Hills,3535
White Rock,3536
Whitebridge,3537
Whitemore,3538
Whiteside,3539
Whitfield,3540
Whittington,3541
Whittlesea,3542
Whyalla,3543
Whyalla Jenkins,3544
Whyalla Norrie,3545
Whyalla Playford,3546
Whyalla Stuart,3547
Wickham,3548
Widden,3549
Wilberforce,3550
Willaston,3551
Willaura,3552
Willetton,3553
Williams Landing,3554
Williamstown,3555
Williamstown North,3556
Willoughby,3557
Willow Vale,3558
Willunga,3559
Wilson,3560
Wilsonton,3561
Wilston,3562
Wilton,3563
Wilyabrup,3564
Wimbledon Heights,3565
Winchelsea,3566
Windella,3567
Windradyne,3568
Windsor,3569
Windsor Downs,3570
Windsor Gardens,3571
Wingfield,3572
Wingham,3573
Winmalee,3574
Winnellie,3575
Winston Hills,3576
Winton,3577
Wisemans Ferry,3578
Wishart,3579
Withers,3580
Witta,3581
Wodonga,3582
Wollert,3583
Wolli Creek,3584
Wollombi,3585
Wollongbar,3586
Wollongong,3587
Wolumla,3588
Wombarra,3589
Wombelano,3590
Wondunna,3591
Wonga Park,3592
Wongarbon,3593
Wongawallan,3594
Wonglepong,3595
Wonthaggi,3596
Woodberry,3597
Woodbine,3598
Woodburn,3599
Woodcroft,3600
Woodend,3601
Woodford,3602
Woodford Island,3603
Woodgate,3604
Woodlands,3605
Woodridge,3606
Woods Point,3607
Woodside,3608
Woodvale,3609
Woodville,3610
Woodville North,3611
Woodwark,3612
Woody Point,3613
Woolamai,3614
Woollahra,3615
Woollamia,3616
Woolloomooloo,3617
Woolloongabba,3618
Woolner,3619
Woolomin,3620
Woolooware,3621
Wooloowin,3622
Wooloweyah,3623
Woolsthorpe,3624
Woolwich,3625
Woombye,3626
Woongarrah,3627
Woonona,3628
Wooreen,3629
Woori Yallock,3630
Wootha,3631
Woree,3632
Worongary,3633
Woronora Heights,3634
Worrigee,3635
Worrowing Heights,3636
Woy Woy,3637
Woy Woy Bay,3638
Wright,3639
Wubin,3640
Wulkuraka,3641
Wunghnu,3642
Wurdong Heights,3643
Wurruk,3644
Wurtulla,3645
Wycheproof,3646
Wyee,3647
Wyee Point,3648
Wyndham Vale,3649
Wynn Vale,3650
Wynnum,3651
Wynnum West,3652
Wynyard,3653
Wyoming,3654
Wyongah,3655
Wyreema,3656
Yackandandah,3657
Yagoona,3658
Yallourn North,3659
Yamanto,3660
Yamba,3661
Yanchep,3662
Yanco,3663
Yandina,3664
Yandina Creek,3665
Yangan,3666
Yangebup,3667
Yankalilla,3668
Yarpturk,3669
Yarra,3670
Yarra Glen,3671
Yarrabilba,3672
Yarragon South,3673
Yarralumla,3674
Yarram,3675
Yarramalong,3676
Yarrambat,3677
Yarramundi,3678
Yarravel,3679
Yarraville,3680
Yarrawonga,3681
Yass,3682
Yatala,3683
Yea,3684
Yeerongpilly,3685
Yellow Rock,3686
Yenda,3687
Yennora,3688
Yeoval,3689
Yeppoon,3690
Yerong Creek,3691
Yeronga,3692
Yerrinbool,3693
Yetholme,3694
Yinnar,3695
Yokine,3696
Yoogali,3697
Yorkeys Knob,3698
Yoting,3699
Young,3700
Youngtown,3701
Yowie Bay,3702
Zetland,3703
Zillmere,3704
Zuccoli,3705